day,date,ALPH,BETA,GAMA,DELT,OMEG
1,2026-07-26,102.0511,99.8567,99.4735,99.9872,99.8163
2,2026-07-26,103.1627,99.9926,99.5314,102.0443,98.8738
3,2026-07-26,102.9694,100.0437,98.3823,102.0564,98.1537
4,2026-07-27,102.5577,99.7129,98.8374,103.6369,101.2699
5,2026-07-28,99.6002,99.6083,98.2255,105.9166,99.9032
6,2026-07-29,103.2513,99.7320,99.6705,107.6401,100.2605
7,2026-07-30,102.2355,99.7646,101.5411,108.1689,101.4135
8,2026-07-31,100.2512,99.4252,98.9599,112.2207,101.1052
9,2026-08-01,97.8568,99.4534,98.6783,115.2389,99.4135
